indic,qdesc,sdesc,WHO_2016,ilab,subst,dontask1,dontask2,dontask3,dontask4,dontask5,dontask6,dontask7,dontask8,doaskif
i004a,Did s(he) die during the wet season?,d wet,W610004-a,W610004-a (d wet),Y,i004b,,,,,,,,
i004b,Did s(he) die during the dry season?,d dry,W610004-b,W610004-b (d dry),Y,i004a,,,,,,,,
i019a,Was he male?,male,W610019-a,W610019-a (male),Y,i019b,,,,,,,,
i019b,Was she female?,female,W610019-b,W610019-b (female),Y,i019a,,,,,,,,
i022a,Was s(he) aged 65 years or more at death?,65+,W610022-a,W610022-a (65+),Y,i022g,i022f,i022d,i022c,i022b,i022e,,,
i022b,Was s(he) aged 50 to 64 years at death?,50 to 64,W610022-b,W610022-b (50 to 64),Y,i022g,i022f,i022d,i022c,i022a,i022e,,,
i022c,Was s(he) aged 15 to 49 years at death?,15 to 49,W610022-c,W610022-c (15 to 49),Y,i022g,i022f,i022d,i022a,i022b,i022e,,,
i022d,Was s(he) aged 5-14 years at death?,5 to 14,W610022-d,W610022-d (5 to 14),Y,i022g,i022f,i022c,i022a,i022e,i022b,,,
i022e,Was s(he) aged 1 to 4 years at death?,1 to 4,W610022-e,W610022-e (1 to 4),Y,i022g,i022d,i022c,i022a,i022f,i022b,,,
i022f,Was s(he) aged 1 to 11 months at death?,1 to 11m,W610022-f,W610022-f (1 to 11m),Y,i022g,i022d,i022c,i022a,i022e,i022b,,,
i022g,Was s(he) aged < 1 month (28 days) at death?,neonate,W610022-g,W610022-g (neonate),Y,i022f,i022d,i022c,i022a,i022e,i022b,,,
i022h,Was s(he) a live baby who died within 24 hours of birth?,d day0,W610022-h,W610022-h (d day1),Y,i022i,i022j,i022k,,,,,,i022g
i022i,Was s(he) a baby who died between 24 and 48 hours of birth?,d day1,W610022-i,W610022-i (d day2),Y,i022h,i022j,i022k,,,,,,i022g
i022j,"Was s(he) a baby who died more than 48 hours from birth, but within the first week?",d day2-6,W610022-j,W610022-j (d day3-6),Y,i022h,i022i,i022k,,,,,,i022g
i022k,"Was s(he) a baby who died after the first week, but within the first month?",d wk2-4,W610022-k,W610022-k (d wk2-4),Y,i022h,i022i,i022j,,,,,,i022g
i022l,Was she a woman aged 12-19 years at death?,f 12-19,W610022-l,W610022-l (f 12-19),Y,i019a,i022m,i022n,,,,,,i022c
i022m,Was she a woman aged 20-34 years at death?,f 20-34,W610022-m,W610022-m (f 20-34),Y,i019a,i022l,i022n,,,,,,i022c
i022n,Was she a woman aged 35 to 49 years at death?,f 30-49,W610022-n,W610022-n (f 30-49),Y,i019a,i022m,i022l,,,,,,i022c
i059o,Was she married at the time of death?,married,W610059-o,W610059-o (married),Y,i019a,,,,,,,,i022c
i077o,Did (s)he suffer from any injury or accident that led to her/his death?,injury,W610077-o,W610077-o (injury),Y,,,,,,,,,
i079o,Was (s)he injured in a road traffic accident?,inj rta,W610079-o,W610079-o (inj rta),Y,i082o,i084o,i086o,i090o,i091o,i093o,,,i077o
i082o,Was (s)he injured in a non-road transport accident?,inj nrta,W610082-o,W610082-o (inj nrta),Y,i079o,i084o,i086o,i090o,i091o,i093o,,,i077o
i083o,Was (s)he injured in a fall?,inj fall,W610083-o,W610083-o (inj fall),Y,i084o,i086o,i091o,i093o,,,,,i077o
i084o,Was (s)he poisoned in any way?,inj poison,W610084-o,W610084-o (inj poison),Y,i079o,i082o,i083o,i087o,i089o,i095o,,,i077o
i085o,Did (s)he die of drowning?,inj drown,W610085-o,W610085-o (inj drown),Y,i084o,i089o,i093o,i095o,,,,,i077o
i086o,Was (s)he injured by the bite or sting of a venomous animal?,inj venom,W610086-o,W610086-o (inj venom),Y,i079o,i082o,i084o,i085o,i087o,i089o,i091o,i095o,i077o
i087o,Was (s)he injured by an animal or insect (non-venomous),inj anim,W610087-o,W610087-o (inj anim),Y,i084o,i086o,i089o,i091o,i095o,,,,i077o
i089o,Was (s)he injured by burns or fire?,inj burn,W610089-o,W610089-o (inj burn),Y,i084o,i086o,i087o,i091o,i092o,i093o,i094o,i095o,i077o
i090o,"Was (s)he subject to violence (suicide, homicide, abuse)?",inj viol,W610090-o,W610090-o (inj viol),Y,,,,,,,,,i077o
i091o,Was (s)he injured by a fire arm?,inj gun,W610091-o,W610091-o (inj gun),Y,,,,,,,,,i090o
i092o,"Was (s)he stabbed, cut or pierced?",inj stab,W610092-o,W610092-o (inj stab),Y,,,,,,,,,i090o
i093o,Was (s)he strangled?,inj strng,W610093-o,W610093-o (inj strng),Y,,,,,,,,,i090o
i094o,Was (s)he injured by a blunt force?,inj blfor,W610094-o,W610094-o (inj blfor),Y,,,,,,,,,i090o
i095o,Was (s)he injured by a force of nature?,inj nature,W610095-o,W610095-o (inj nature),Y,i084o,i086o,i087o,,,,,,i090o
i096o,Was (s)he electrocuted?,inj elec,W610096-o,W610096-o (inj elec),Y,,,,,,,,,i077o
i098o,Was the injury accidental?,inj accid,W610098-o,W610098-o (inj accid),Y,,,,,,,,,i077o
i099o,Was the injury or accident self-inflicted?,inj suic,W610099-o,W610099-o (inj suic),Y,i022g,i022f,i022e,i095o,,,,,i090o
i100o,Was the injury or accident intentionally inflicted by someone else?,inj int,W610100-o,W610100-o (inj int),Y,i082o,i095o,,,,,,,i090o
i104o,Did the baby ever cry?,ever cry,W610104-o,W610104-o (ever cry),N,,,,,,,,,i022g
i105o,"Did the baby cry immediately after birth, even if only a little bit?",cry little,W610105-o,W610105-o (cry little),N,i104o,,,,,,,,i022g
i106a,Was it more than 5 minutes after birth before the baby first cried?,cry 5+m,W610106-a,W610106-a (cry 5+m),Y,i104o,i105o,,,,,,,i022g
i107o,Did the baby stop being able to cry?,cry stop,W610107-o,W610107-o (cry stop),Y,i104o,i105o,,,,,,,i022g
i108a,Did the baby stop crying more than a day before (s)he died?,cry st 1+d,W610108-a,W610108-a (cry st 1+d),Y,i104o,i105o,,,,,,,i022g
i109o,Did the baby ever move?,ever move,W610109-o,W610109-o (ever move),N,,,,,,,,,i022g
i110o,Did the baby ever breathe?,ever breathe,W610110-o,W610110-o (ever breathe),N,,,,,,,,,i022g
i111o,"Did the baby breathe immediately after birth, even a little?",brth little,W610111-o,W610111-o (brth little),N,i110o,,,,,,,,i022g
i112o,Did the baby have a breathing problem?,brth prob,W610112-o,W610112-o (brth prob),Y,i110o,,,,,,,,i022g
i113o,Was the baby given assistance to breathe at birth?,brth assis,W610113-o,W610113-o (brth assis),Y,i110o,,,,,,,,i022g
i114o,"If the baby didn't show any sign of life, was it born dead?",born dead,W610114-o,W610114-o (born dead),Y,i106a,i107o,i108a,i111o,,,,,i022g
i115o,Were there any bruises or signs of injury on child's body after the birth?,bruised,W610115-o,W610115-o (bruised),Y,,,,,,,,,i114o
i116o,"Was the baby's body soft, pulpy and discoloured with the skin peeling away?",macerated,W610116-o,W610116-o (macerated),Y,,,,,,,,,i114o
i120a,Did the final illness last less than 3 weeks?,ill <3w,W610120-a,W610120-a (ill <3w),Y,i022g,i120b,,,,,,,
i120b,Did the final illness last at least 3 weeks?,ill 3+w,W610120-b,W610120-b (ill 3+w),Y,i022g,i120a,,,,,,,
i123o,Did (s)he die suddenly?,sudden,W610123-o,W610123-o (sudden),Y,i022g,,,,,,,,
i125o,Was there any diagnosis by a health professional of tuberculosis?,dia tb,W610125-o,W610125-o (dia tb),Y,i022g,,,,,,,,
i127o,Was there any diagnosis by a health professional of HIV/AIDS?,dia HIV,W610127-o,W610127-o (dia HIV),Y,i022g,,,,,,,,
i128o,Did (s)he have a recent positive test by a health professional for malaria?,dia mal+,W610128-o,W610128-o (dia mal+),Y,i022g,i129o,,,,,,,
i129o,Did (s)he have a recent negative test by a health professional for malaria?,dia mal-,W610129-o,W610129-o (dia mal-),Y,i022g,i128o,,,,,,,
i130o,Was there any diagnosis by a health professional of dengue fever?,dia deng,W610130-o,W610130-o (dia deng),Y,i022g,,,,,,,,
i131o,Was there any diagnosis by a health professional of measles?,dia meas,W610131-o,W610131-o (dia meas),Y,i022g,,,,,,,,
i132o,Was there any diagnosis by a health professional of high blood pressure?,dia hypt,W610132-o,W610132-o (dia hypt),Y,i022g,i022f,i022e,,,,,,
i133o,Was there any diagnosis by a health professional of heart disease?,dia cvd,W610133-o,W610133-o (dia cvd),Y,,,,,,,,,
i134o,Was there any diagnosis by a health professional of diabetes?,dia diab,W610134-o,W610134-o (dia diab),Y,i022g,,,,,,,,
i135o,Was there any diagnosis by a health professional of asthma?,dia asth,W610135-o,W610135-o (dia asth),Y,i022g,,,,,,,,
i136o,Was there any diagnosis by a health professional of epilepsy?,dia epil,W610136-o,W610136-o (dia epil),Y,i022g,,,,,,,,
i137o,Was there any diagnosis by a health professional of cancer?,dia canc,W610137-o,W610137-o (dia canc),Y,i022g,i022f,,,,,,,
i138o,Was there any diagnosis by a health professional of Chronic Obstructive Pulmonary Disease (COPD)?,dia copd,W610138-o,W610138-o (dia copd),Y,i022g,i022f,i022e,i022d,,,,,
i139o,Was there any diagnosis by a physician or health worker of dementia?,dia demt,W610139-o,W610139-o (dia demt),Y,i022g,i022f,i022e,i022d,,,,,
i140o,Was there any diagnosis by a health professional of depression?,dia depr,W610140-o,W610140-o (dia depr),Y,i022g,i022f,i022e,i022d,,,,,
i141o,Was there any diagnosis by a health professional of stroke?,dia strk,W610141-o,W610141-o (dia strk),Y,i022g,i022f,i022e,,,,,,
i142o,Was there any diagnosis by a health professional of sickle cell disease?,dia scd,W610142-o,W610142-o (dia scd),Y,i022g,,,,,,,,
i143o,Was there any diagnosis by a health professional of kidney disease?,dia kidn,W610143-o,W610143-o (dia kidn),Y,i022g,i022f,,,,,,,
i144o,Was there any diagnosis by a health professional of liver disease?,dia liver,W610144-o,W610144-o (dia liver),Y,i022g,i022f,i022e,,,,,,
i147o,"During the illness that led to death, did (s)he have a fever?",fever,W610147-o,W610147-o (fever),Y,,,,,,,,,
i148a,Did the fever last less than a week before death?,fev <1w,W610148-a,W610148-a (fev <1w),Y,i148c,i148b,,,,,,,i147o
i148b,"Did the fever last at least one week, but less than 2 weeks before death?",fev 1-2w,W610148-b,W610148-b (fev 1-2w),Y,i148a,i148c,,,,,,,i147o
i148c,Did the fever last at least 2 weeks before death?,fev 2+w,W610148-c,W610148-c (fev 2+w),Y,i148a,i148b,,,,,,,i147o
i149o,Did the fever continue until death?,fev death,W610149-o,W610149-o (fev death),Y,,,,,,,,,i147o
i150a,Was the fever severe?,fev sev,W610150-a,W610150-a (fev sev),Y,i022g,,,,,,,,i147o
i151a,Was the fever continuous?,fev cont,W610151-a,W610151-a (fev cont),Y,i022g,,,,,,,,i147o
i152o,Did (s)he have night sweats?,fev nsw,W610152-o,W610152-o (fev nsw),Y,i022g,i022f,,,,,,,i147o
i153o,"During the illness that led to death, did (s)he have a cough?",cough,W610153-o,W610153-o (cough),Y,,,,,,,,,
i154a,Did the cough last less than 3 weeks before death?,cou <3w,W610154-a,W610154-a (cou <3w),Y,i154b,,,,,,,,i153o
i154b,Did the cough last at least 3 weeks before death?,cou 3+w,W610154-b,W610154-b (cou 3+w),Y,i022g,i154a,,,,,,,i153o
i155o,"Was the cough productive, with sputum?",cou prod,W610155-o,W610155-o (cou prod),Y,i022g,i022f,,,,,,,i153o
i156o,Was the cough very severe?,cou sev,W610156-o,W610156-o (cou sev),Y,i022g,,,,,,,,i153o
i157o,Did (s)he cough up blood?,cou bld,W610157-o,W610157-o (cou bld),Y,i022g,i022f,,,,,,,i153o
i158o,Did (s)he make a whooping sound when coughing?,cou whoop,W610158-o,W610158-o (cou whoop),Y,i022a,i022b,i022c,,,,,,i153o
i159o,"During the illness that led to death, did (s)he have any difficulty breathing?",dif br,W610159-o,W610159-o (dif br),Y,,,,,,,,,
i161a,Did the difficult breathing last for at least 3 days before death?,dif br 3d,W610161-a,W610161-a (dif br 3d),Y,,,,,,,,,i159o
i165a,Was the difficult breathing continuous during this period?,dif br con,W610165-a,W610165-a (dif br con),Y,i022g,i022f,i022e,,,,,,i159o
i166o,Did (s)he have fast breathing?,br fast,W610166-o,W610166-o (br fast),Y,,,,,,,,,i159o
i167a,Did the fast breathing last for less than two weeks before death?,br fs <2w,W610167-a,W610167-a (br fs <2w),Y,i167b,,,,,,,,i166o
i167b,Did the fast breathing last for at least 2 weeks before death?,br fs 2+w,W610167-b,W610167-b (br fs 2+w),Y,i022g,i167a,,,,,,,i166o
i168o,Did (s)he have breathlessness?,brless,W610168-o,W610168-o (brless),Y,,,,,,,,,i159o
i169a,Did the breathlessness last for less than 2 weeks before death?,brl <2w,W610169-a,W610169-a (brl <2w),Y,i169b,,,,,,,,i168o
i169b,Did the breathlessness last for at least 2 weeks before death?,brl 2+w,W610169-b,W610169-b (brl 2+w),Y,i022g,i169a,,,,,,,i168o
i170o,Was (s)he unable to carry out daily routines due to breathlessness?,brl unab,W610170-o,W610170-o (brl unab),Y,i022g,i022f,i022e,,,,,,i168o
i171o,Was (s)he breathless while lying flat?,brl flat,W610171-o,W610171-o (brl flat),Y,i022g,i022f,i022e,,,,,,i168o
i172o,Did you see the lower chest wall/ribs being pulled in as the child breathed?,indraw,W610172-o,W610172-o (indraw),Y,i022c,i022b,i022a,,,,,,i159o
i173a,Did his/her breathing sound like wheezing or grunting?,whz grun,W610173-a,W610173-a (whz grun),Y,,,,,,,,,i159o
i174o,"During the illness that led to death, did (s)he have chest pain?",ch pain,W610174-o,W610174-o (ch pain),Y,i022g,i022f,,,,,,,
i175o,Was the chest pain severe?,chp sev,W610175-o,W610175-o (chp sev),Y,i022g,i022f,,,,,,,i174o
i176a,Did (s)he experience chest pain at least 3 days before death?,chp 3d,W610176-a,W610176-a (chp 3d),Y,i022g,i022f,,,,,,,i174o
i178a,Did the chest pain last for at least 30 minutes?,chp 30m,W610178-a,W610178-a (chp 30m),Y,i022g,i022f,,,,,,,i174o
i181o,Did (s)he have diarrhoea?,diarr,W610181-o,W610181-o (diarr),Y,,,,,,,,,
i182a,Did (s)he have diarrhoea for less than 2 weeks before death?,drr <2w,W610182-a,W610182-a (drr <2w),Y,i182c,i182b,,,,,,,i181o
i182b,Did (s)he have diarrhoea for at least 2 weeks but less than 4 weeks before death?,drr 2-4w,W610182-b,W610182-b (drr 2-4w),Y,i182a,i182c,,,,,,,i181o
i182c,Did (s)he have diarrhoea for at least 4 weeks before death?,drr 4+w,W610182-c,W610182-c (drr 4+w),Y,i022g,i182a,i182b,,,,,,i181o
i183a,Did the baby or child have at least 4 stools on the day that loose liquid stools were most frequent?,4+ stls,W610183-a,W610183-a (4+ stls),Y,i022a,i022b,i022c,i022g,,,,,i181o
i184a,Did the frequent loose or liquid stools start at least 3 days before death?,drr 3d,W610184-a,W610184-a (drr 3d),Y,i022a,i022b,i022c,i022g,,,,,i181o
i185o,Did the frequent loose or liquid stools continue up until death?,drr to d,W610185-o,W610185-o (drr to d),Y,i022a,i022b,i022c,i022g,,,,,i181o
i186o,At any time during the final illness was there blood in the stools?,drr bld,W610186-o,W610186-o (drr bld),Y,,,,,,,,,i181o
i187o,Was there blood in the stool up until death?,dr bld d,W610187-o,W610187-o (dr bld d),Y,i022g,,,,,,,,i181o
i188o,"During the illness that led to death, did (s)he vomit?",vomit,W610188-o,W610188-o (vomit),Y,,,,,,,,,
i189o,Did (s)he vomit in the week preceding the death?,vom bd,W610189-o,W610189-o (vom bd),Y,,,,,,,,,i188o
i190o,Did (s)he vomit for at least 3 days before death?,vom 3d,W610190-o,W610190-o (vom 3d),Y,i022g,i022f,i022e,,,,,,i188o
i191o,Was there blood in the vomit?,vom bld,W610191-o,W610191-o (vom bld),Y,i022g,i022f,,,,,,,i188o
i192o,Was the vomit black?,vom blck,W610192-o,W610192-o (vom blck),Y,i022g,i022f,i022e,,,,,,i188o
i193o,"During the illness that led to death, did (s)he have any abdominal (belly) problem?",abdom,W610193-o,W610193-o (abdom),Y,,,,,,,,,
i194o,Did (s)he have abdominal pain?,abd pain,W610194-o,W610194-o (abd pain),Y,i022g,i022f,,,,,,,i193o
i195o,Was the abdominal pain severe?,abd p sev,W610195-o,W610195-o (abd p sev),Y,i022g,i022f,,,,,,,i194o
i197a,Did (s)he have severe abdominal pain for less than 2 weeks before death?,abd p <2w,W610197-a,W610197-a (abd p <2w),Y,i022g,i022f,i197b,,,,,,i194o
i197b,Did (s)he have severe abdominal pain for at least 2 weeks before death?,abd p 2+w,W610197-b,W610197-b (abd p 2+w),Y,i022g,i022f,i197a,,,,,,i194o
i199a,Was the pain in the upper abdomen?,abd p up,W610199-a,W610199-a (abd p up),Y,i022g,i022f,,,,,,,i194o
i199b,Was the pain in the lower abdomen?,abd p lo,W610199-b,W610199-b (abd p lo),Y,i022g,i022f,,,,,,,i194o
i200o,Did (s)he have a more than usually protruding abdomen?,abd prot,W610200-o,W610200-o (abd prot),Y,,,,,,,,,i193o
i201a,Did (s)he have a more than usually protruding abdomen for less than 2 weeks before death?,abd pr <2w,W610201-a,W610201-a (abd pr <2w),Y,i201b,i022g,,,,,,,i200o
i201b,Did (s)he have a more than usually protruding abdomen for at least 2 weeks before death?,abd pr 2+w,W610201-b,W610201-b (abd pr 2+w),Y,i201a,i022g,,,,,,,i200o
i203a,Did (s)he develop the protruding abdomen rapidly?,abd pr rap,W610203-a,W610203-a (abd pr rap),Y,i022g,i022f,i022e,,,,,,i200o
i204o,Did (s)he have any mass in the abdomen?,abd mass,W610204-o,W610204-o (abd mass),Y,i022g,,,,,,,,i193o
i205a,Did (s)he have a mass in the abdomen for less than 2 weeks before death?,ab ms <2w,W610205-a,W610205-a (ab ms <2w),Y,i205b,i022g,,,,,,,i204o
i205b,Did (s)he have a mass in the abdomen for at least 2 weeks before death?,ab ms 2+w,W610205-b,W610205-b (ab ms 2+w),Y,i205a,i022g,,,,,,,i204o
i207o,"During the illness that led to death, did (s)he have a severe headache?",headache,W610207-o,W610207-o (headache),Y,i022g,i022f,,,,,,,
i208o,"During the illness that led to death, did (s)he have a stiff neck?",st neck,W610208-o,W610208-o (st neck),Y,i022g,,,,,,,,
i209a,Did (s)he have a stiff neck for less than one week before death?,st n <1w,W610209-a,W610209-a (st n <1w),Y,i022g,i209b,,,,,,,i208o
i209b,Did (s)he have a stiff neck for at least one week before death?,st n 1+w,W610209-b,W610209-b (st n 1+w),Y,i022g,i209a,,,,,,,i208o
i210o,"During the illness that led to death, did (s)he have a painful neck?",pain neck,W610210-o,W610210-o (pain neck),Y,i022g,,,,,,,,
i211a,Did (s)he have a painful neck for at least one week before death?,pa n 1+w,W610211-a,W610211-a (pa n 1+w),Y,i022g,,,,,,,,i210o
i212o,"During the illness that led to death, did (s)he have mental confusion?",ment conf,W610212-o,W610212-o (ment conf),Y,i022g,i022f,i022e,i022d,,,,,
i213o,Did (s)he have mental confusion for at least 3 months before death?,menc 3+m,W610213-o,W610213-o (menc 3+m),Y,i022g,i022f,i022e,i022d,,,,,i212o
i214o,"During the illness that led to death, was (s)he unconscious?",uncons,W610214-o,W610214-o (uncons),Y,,,,,,,,,
i215o,Was (s)he unconscious for at least 24 hours before death?,unc 24+h,W610215-o,W610215-o (unc 24+h),Y,,,,,,,,,i214o
i216a,Was (s)he unsconscious for at least 6 hours before death?,unc 6+h,W610216-a,W610216-a (unc 6+h),Y,,,,,,,,,i215o
i217o,"Did the unconsciousness start suddenly, quickly (at least within a single day)?",unc sudd,W610217-o,W610217-o (unc sudd),Y,i022g,,,,,,,,i215o
i218o,Did the unconsciousness continue until death?,unc to d,W610218-o,W610218-o (unc to d),Y,i022g,,,,,,,,i215o
i219o,"During the illness that led to death, did (s)he have any convulsions?",conv,W610219-o,W610219-o (conv),Y,,,,,,,,,
i220o,Did (s)he experience any generalized convulsions or fits?,conv gen,W610220-o,W610220-o (conv gen),Y,i022g,i022a,i022b,i022c,,,,,i219o
i221a,Did the convulsions last for less than 10 minutes?,conv <10m,W610221-a,W610221-a (conv <10m),Y,i221b,i022g,,,,,,,i219o
i221b,Did the convulsions last for at least 10 minutes?,conv 10+m,W610221-b,W610221-b (conv 10+m),Y,i221a,i022g,,,,,,,i219o
i222o,Did (s)he become unconscious immediately after the convulsion?,conv unc,W610222-o,W610222-o (conv unc),Y,i022g,,,,,,,,i219o
i223o,"During the illness that led to death, did (s)he have any urine problems?",urine,W610223-o,W610223-o (urine),Y,i022g,,,,,,,,
i224o,Did (s)he stop urinating?,uri none,W610224-o,W610224-o (uri none),Y,i022g,,,,,,,,i223o
i225o,Did (s)he go to urinate more often than usual?,uri more,W610225-o,W610225-o (uri more),Y,i022g,i022f,,,,,,,i223o
i226o,Did (s)he pass blood in the urine?,uri bld,W610226-o,W610226-o (uri bld),Y,i022g,,,,,,,,i223o
i227o,"During the illness that led to death, did (s)he have any sores or ulcers anywhere?",skin,W610227-o,W610227-o (skin),Y,,,,,,,,,
i228o,Did (s)he have sores?,sk sores,W610228-o,W610228-o (sk sores),Y,i022g,,,,,,,,i227o
i229o,Did the sores have clear fluid and/or pus?,sk s pus,W610229-o,W610229-o (sk s pus),Y,i022g,,,,,,,,i228o
i230o,Did (s)he have an ulcer (pit) on the foot?,sk ul ft,W610230-o,W610230-o (sk ul ft),Y,i022g,i022f,,,,,,,i227o
i231o,Did any ulcer ooze pus?,sk ul pus,W610231-o,W610231-o (sk ul pus),Y,i022g,i022f,,,,,,,i227o
i232a,Did the ulcer ooze pus for at least 2 weeks?,sk ul 2+w,W610232-a,W610232-a (sk ul 2+w),Y,i022g,i022f,,,,,,,i231o
i233o,"During the illness that led to death, did (s)he have any skin rash?",sk rash,W610233-o,W610233-o (sk rash),Y,,,,,,,,,
i234a,Did (s)he have the skin rash for less than one week?,sk ra <1w,W610234-a,W610234-a (sk ra <1w),Y,i234b,,,,,,,,i233o
i234b,Did (s)he have the skin rash for at least one week?,sk ra 1+w,W610234-b,W610234-b (sk ra 1+w),Y,i234a,i236o,,,,,,,i233o
i235a,Did (s)he have a rash on the face?,sk ra face,W610235-a,W610235-a (sk ra face),Y,i235d,,,,,,,,i233o
i235b,Did (s)he have a rash on the trunk or abdomen?,sk ra abd,W610235-b,W610235-b (sk ra abd),Y,i235d,,,,,,,,i233o
i235c,Did (s)he have a rash on the extremities?,sk ra ext,W610235-c,W610235-c (sk ra ext),Y,i235d,,,,,,,,i233o
i235d,Did (s)he have a rash everywhere?,sk ra all,W610235-d,W610235-d (sk ra all),Y,,,,,,,,,i233o
i236o,Did (s)he have measles rash?,sk ra meas,W610236-o,W610236-o (sk ra meas),Y,i237o,,,,,,,,i233o
i237o,Did (s)he ever have shingles or herpes zoster?,sk ra herp,W610237-o,W610237-o (sk ra herp),Y,i022g,i022f,i236o,,,,,,i233o
i238o,"During the illness that led to death, did her/his skin flake off in patches?",sk flake,W610238-o,W610238-o (sk flake),Y,,,,,,,,,i233o
i239o,"During the illness that led to death, did he/she have areas of the skin that turned black?",sk black,W610239-o,W610239-o (sk black),Y,,,,,,,,,i233o
i240o,"During the illness that led to death, did he/she have areas of the skin with redness and swelling?",sk red,W610240-o,W610240-o (sk red),Y,,,,,,,,,i233o
i241o,"During the illness that led to death, did (s)he bleed from anywhere?",bleed,W610241-o,W610241-o (bleed),Y,,,,,,,,,
i242o,"Did (s)he bleed from the nose, mouth or anus?",bld orif,W610242-o,W610242-o (bld orif),Y,i022g,,,,,,,,i241o
i243o,"During the illness that led to death, did (s)he have noticeable weight loss?",wt loss,W610243-o,W610243-o (wt loss),Y,i022g,,,,,,,,
i244o,Was (s)he severely thin or wasted?,wt waste,W610244-o,W610244-o (wt waste),Y,i022g,,,,,,,,i243o
i245o,"During the illness that led to death, did s/he have a whitish rash inside the mouth or on the tongue?",wht rash,W610245-o,W610245-o (wht rash),Y,i022g,,,,,,,,
i246o,"During the illness that led to death, did (s)he have stiffness of the whole body or was unable to open the mouth?",stiff,W610246-o,W610246-o (stiff),Y,i022g,,,,,,,,
i247o,"During the illness that led to death, did (s)he have puffiness of the face?",sw pu face,W610247-o,W610247-o (sw pu face),Y,i022g,i022f,,,,,,,
i248a,Did (s)he have puffiness of the face for at least one week before death?,sw p f 1+w,W610248-a,W610248-a (sw p f 1+w),Y,i022g,i022f,,,,,,,i247o
i249o,"During the illness that led to death, did (s)he have swollen legs or feet?",sw lg ft,W610249-o,W610249-o (sw lg ft),Y,i022g,,,,,,,,
i250a,Did the swelling last for at least 3 days before death?,sw lf 3+d,W610250-a,W610250-a (sw lf 3+d),Y,i022g,,,,,,,,i249o
i251o,Did (s)he have both feet swollen?,sw lf bth,W610251-o,W610251-o (sw lf bth),Y,i022g,i022f,,,,,,,i249o
i252o,"During the illness that led to death, did (s)he have general puffiness all over his/her body?",sw puf all,W610252-o,W610252-o (sw puf all),Y,i022g,,,,,,,,
i253o,"During the illness that led to death, did (s)he have any lumps?",lumps,W610253-o,W610253-o (lumps),Y,i022g,,,,,,,,
i254o,Did (s)he have any lumps or lesions in the mouth?,lm mou,W610254-o,W610254-o (lm mou),Y,i022g,i022f,i022e,,,,,,i253o
i255o,Did (s)he have any lumps in the neck?,lm nck,W610255-o,W610255-o (lm nck),Y,i022g,i022f,,,,,,,i253o
i256o,Did (s)he have any lumps in the armpit?,lm arm,W610256-o,W610256-o (lm arm),Y,i022g,i022f,,,,,,,i253o
i257o,Did (s)he have any lumps in the groin?,lm grn,W610257-o,W610257-o (lm grn),Y,i022g,i022f,,,,,,,i253o
i258o,"During the illness that led to death, was (s)he in any way paralysed?",paral,W610258-o,W610258-o (paral),Y,i022g,,,,,,,,
i259o,Did (s)he have paralysis of only one side of the body?,par 1 side,W610259-o,W610259-o (par 1 side),Y,i022g,i022f,i022e,i260g,,,,,i258o
i260a,Was only the right side of the body paralysed?,par rs,W610260-a,W610260-a (par rs),Y,i260g,i022g,i022f,i022e,i260b,,,,i259o
i260b,Was only the left side of the body paralysed?,par ls,W610260-b,W610260-b (par ls),Y,i260g,i022g,i022f,i022e,i260a,,,,i259o
i260c,Was only the lower part of the body paralysed?,par lo,W610260-c,W610260-c (par lo),Y,i260d,i260g,i022g,i022f,i022e,i259o,,,i258o
i260d,Was only the upper part of the body paralysed?,par up,W610260-d,W610260-d (par up),Y,i260c,i260g,i022g,i022f,i022e,i259o,,,i258o
i260e,Was only one leg paralysed?,par leg,W610260-e,W610260-e (par leg),Y,i260f,i260d,i260g,i022g,i022f,i022e,,,i258o
i260f,Was only one arm paralysed?,par arm,W610260-f,W610260-f (par arm),Y,i260e,i260c,i260g,i022g,i022f,i022e,,,i258o
i260g,Was the entire body paralysed?,par all,W610260-g,W610260-g (par all),Y,i022g,i260c,i260e,i260d,i260f,i260a,i260b,i259o,i258o
i261o,"During the illness that led to death, did (s)he have difficulty swallowing?",swallow,W610261-o,W610261-o (swallow),Y,i022g,i022f,i022e,,,,,,
i262a,Did (s)he have difficulty swallowing for at least one week before death?,swa 1+w,W610262-a,W610262-a (swa 1+w),Y,i022g,i022f,i022e,,,,,,i261o
i263a,Did (s)he have difficulty with swallowing solids?,swa sol,W610263-a,W610263-a (swa sol),Y,i022g,i022f,i022e,,,,,,i261o
i263b,Did (s)he have difficulty with swallowing liquids?,swa liq,W610263-b,W610263-b (swa liq),Y,i022g,i022f,i022e,,,,,,i261o
i264o,Did (s)he have pain upon swallowing?,swa pain,W610264-o,W610264-o (swa pain),Y,i022g,i022f,i022e,,,,,,i261o
i265o,"During the illness that led to death, did (s)he have yellow discolouration of the eyes?",yellow,W610265-o,W610265-o (yellow),Y,i022g,,,,,,,,
i266a,Did (s)he have the yellow discolouration for at least 3 weeks before death?,yell 3+w,W610266-a,W610266-a (yell 3+w),Y,i022g,,,,,,,,i265o
i267o,"During the illness that led to death, did her/his hair change to a reddish or yellowish colour?",hair,W610267-o,W610267-o (hair),Y,i022g,i022f,,,,,,,
i268o,"During the illness that led to death, did (s)he look pale (thinning/lack of blood) or have pale palms, eyes or nail beds?",pale,W610268-o,W610268-o (pale),Y,i022g,i022f,,,,,,,
i269o,"During the illness that led to death, did (s)he have sunken eyes?",eyes sunk,W610269-o,W610269-o (eyes sunk),Y,i022a,i022b,i022c,i022d,i022g,,,,
i270o,"During the illness that led to death, did (s)he drink a lot more water than usual?",drink ++,W610270-o,W610270-o (drink ++),Y,i022g,i022f,,,,,,,
i271o,Was the baby able to suckle or bottle-feed within the first 24 hours after birth?,suckle,W610271-o,W610271-o (suckle),N,i022a,i022b,i022c,i022d,i022e,,,i114o,
i272o,Did the baby ever suckle in a normal way?,suck ev,W610272-o,W610272-o (suck ev),N,i022a,i022b,i022c,i022d,i022e,,,i114o,i271o
i273o,Did the baby stop suckling?,suck st,W610273-o,W610273-o (suck st),Y,i022a,i022b,i022c,i022d,i022e,,,i114o,i272o
i274a,Did the baby stop suckling on the 2nd day of life or later?,suck st d1+,W610274-a,W610274-a (suck st d1+),Y,i022a,i022b,i022c,i022d,i022e,i022h,,i114o,i273o
i275o,Did the baby have convulsions starting within the first 24 hours of life?,conv d0,W610275-o,W610275-o (conv d0),Y,i022a,i022b,i022c,i022d,i022e,,,i114o,
i276o,Did the baby have convulsions starting more than 24 hours after birth?,conv d1+,W610276-o,W610276-o (conv d1+),Y,i022a,i022b,i022c,i022d,i022e,i022h,,i114o,
i277o,"Did the baby's body become stiff, with the back arched backwards?",stiff,W610277-o,W610277-o (stiff),Y,i022a,i022b,i022c,i022d,i022e,,,i114o,
i278o,"During the illness that led to death, did the baby have a bulging or raised fontanelle?",font up,W610278-o,W610278-o (font up),Y,i022a,i022b,i022c,i022d,i022e,,,i114o,
i279o,"During the illness that led to death, did the baby have a sunken fontanelle?",font lo,W610279-o,W610279-o (font lo),Y,i022a,i022b,i022c,i022d,i022e,,,i114o,
i281o,"During the illness that led to death, did the baby become unresponsive or unconscious?",unresp,W610281-o,W610281-o (unresp),Y,i022a,i022b,i022c,i022d,i022e,,,i114o,
i282o,"Did the baby become unresponsive or unconscious soon after birth, within less than 24 hours?",unc d0,W610282-o,W610282-o (unc d0),Y,i022a,i022b,i022c,i022d,i022e,,,i114o,i281o
i283o,Did the baby become unresponsive or unconscious more than 24 hours after birth?,unc d1+,W610283-o,W610283-o (unc d1+),Y,i022a,i022b,i022c,i022d,i022e,i022h,,i114o,i281o
i284o,"During the illness that led to death, did the baby become cold to touch?",cold,W610284-o,W610284-o (cold),Y,i022a,i022b,i022c,i022d,i022e,,,i114o,
i285a,Was the baby more than 3 days old when it started feeling cold to touch?,cold 3+d,W610285-a,W610285-a (cold 3+d),Y,i022a,i022b,i022c,i022d,i022e,i022h,i022i,i114o,i284o
i286o,"During the illness that led to death, did the baby become lethargic, after a period of normal activity?",lethargy,W610286-o,W610286-o (lethargy),Y,i022a,i022b,i022c,i022d,i022e,i022h,,i114o,
i287o,Did the baby have redness or discharge from the umbilical cord stump?,umbil dis,W610287-o,W610287-o (umbil dis),Y,i022a,i022b,i022c,i022d,i022e,,,i114o,
i288o,"During the illness that led to death, did the baby have skin ulcer(s) or pits?",sk ulcer,W610288-o,W610288-o (sk ulcer),Y,i022a,i022b,i022c,i022d,i022e,,,i114o,
i289o,"During the illness that led to death, did the baby have yellow skin, palms (hand) or soles (foot)?",yellow,W610289-o,W610289-o (yellow),Y,i022a,i022b,i022c,i022d,i022e,i022f,,i114o,
i290o,Did the baby or infant appear to be healthy and then just die suddenly?,sudd d,W610290-o,W610290-o (sudd d),Y,i022a,i022b,i022c,i022d,i022e,,,i114o,
i294o,"During the illness that led to death, did she have any swelling or lump in the breast?",sw lm bre,W610294-o,W610294-o (sw lm bre),Y,i022g,i022f,i022e,i022d,i019a,,,,
i295o,"During the illness that led to death, did she have any ulcers (pits) in the breast?",sw ul bre,W610295-o,W610295-o (sw ul bre),Y,i022g,i022f,i022e,i022d,i019a,,,,
i296o,Did she ever have a period or menstruate?,menstr,W610296-o,W610296-o (menstr),Y,i022g,i022f,i022e,i022d,i019a,,,,
i297o,"During the illness that led to death, did she have excessive vaginal bleeding in between menstrual periods?",men betw,W610297-o,W610297-o (men betw),Y,i022g,i022f,i022e,,i019a,,,,i296o
i298o,Was the bleeding excessive?,men exc,W610298-o,W610298-o (men exc),Y,i022g,i022f,i022e,,i019a,,,,i296o
i299o,Did her menstrual period stop naturally because of menopause?,men mpse,W610299-o,W610299-o (men mpse),Y,i022g,i022f,i022e,i022d,i019a,,,,i296o
i300o,Did she have vaginal bleeding after cessation of menstruation?,men mp bl,W610300-o,W610300-o (men mp bl),Y,i022g,i022f,i022e,i022d,i019a,,,,i296o
i301o,Was there excessive vaginal bleeding in the week prior to death?,vb <1w,W610301-o,W610301-o (vb <1w),Y,i022g,i022f,i022e,i022d,i019a,,,,i296o
i302o,At the time of death was her period overdue?,men late,W610302-o,W610302-o (men late),Y,i022g,i022f,i022e,i022b,i022a,i019a,,,i296o
i303a,Had her period been overdue for at least 4 weeks?,men l 4+w,W610303-a,W610303-a (men l 4+w),Y,i022g,i022f,i022e,i022b,i022a,i019a,,,i302o
i304o,Did she have a sharp pain in her abdomen shortly before death?,obs pain,W610304-o,W610304-o (obs pain),Y,i022g,i022f,i022e,i022b,i022a,i019a,,,i297o
i305o,Was she pregnant at the time of death?,pregnant,W610305-o,W610305-o (pregnant),Y,i022g,i022f,i022e,i022b,i022a,i019a,,,
i306o,"Did she die within 6 weeks of delivery, abortion or miscarriage?",d <6w pend,W610306-o,W610306-o (d <6w pend),Y,i022g,i022f,i022e,i022b,i022a,i019a,i305o,,
i309o,"Was she, or had she been, pregnant for less than 6 months when she died?",d <6m pr,W610309-o,W610309-o (d <6m pr),Y,i022g,i022f,i022e,i022b,i022a,i019a,,,i305o
i310o,"Please confirm: When she died, she was NEITHER pregnant NOR had recently been pregnant NOR had recently delivered when she died - is that right?",not preg,W610310-o,W610310-o (not preg),Y,i022g,i022f,i022e,i022b,i022a,i019a,,,
i312o,"Did she die during labour, but before delivery?",d lab,W610312-o,W610312-o (d lab),Y,i022g,i022f,i022e,i022b,i022a,i019a,i310o,,i305o
i313o,Did she die after delivering a baby?,d aft del,W610313-o,W610313-o (d aft del),Y,i022g,i022f,i022e,i022b,i022a,i019a,i310o,,i306o
i314o,Did she die within 24 hours after delivery?,d <24h del,W610314-o,W610314-o (d <24h del),Y,i022g,i022f,i022e,i022b,i022a,i019a,i310o,,i313o
i315o,Did she die within 6 weeks of childbirth?,d <6w chb,W610315-o,W610315-o (d <6w chb),Y,i022g,i022f,i022e,i022b,i022a,i019a,i310o,,i313o
i316o,Did she give birth to a live baby (within 6 weeks of her death)?,live baby,W610316-o,W610316-o (live baby),Y,i022g,i022f,i022e,i022b,i022a,i019a,i310o,,i315o
i317o,Did she die during or after a multiple pregnancy?,mult pr,W610317-o,W610317-o (mult pr),Y,i022g,i022f,i022e,i022b,i022a,i019a,i310o,,
i318o,Was she breastfeeding the child in the days before death?,br feed,W610318-o,W610318-o (br feed),Y,i022g,i022f,i022e,i022b,i022a,i019a,i310o,,i316o
i319a,Did she die during or after her first pregnancy?,1st pr,W610319-a,W610319-a (1st pr),Y,i022g,i022f,i022e,i022b,i022a,i019a,i310o,i319b,
i319b,Did she have four or more pregnancies before this one?,4+ pr,W610319-b,W610319-b (4+ pr),Y,i022g,i022f,i022e,i022b,i022a,i019a,i310o,i319a,
i320o,Had she had any previous Caesarean section?,prev cs,W610320-o,W610320-o (prev cs),Y,i022g,i022f,i022e,i022b,i022a,i019a,i310o,i319a,
i321o,"During pregnancy, did she suffer from high blood pressure?",pr hypt,W610321-o,W610321-o (pr hypt),Y,i022g,i022f,i022e,i022b,i022a,i019a,i310o,,
i322o,Did she have foul smelling vaginal discharge during pregnancy or after delivery?,pr disch,W610322-o,W610322-o (pr disch),Y,i022g,i022f,i022e,i022b,i022a,i019a,i310o,,
i323o,"During the last 3 months of pregnancy, did she suffer from convulsions?",pr conv,W610323-o,W610323-o (pr conv),Y,i022g,i022f,i022e,i022b,i022a,i019a,i310o,,
i324o,During the last 3 months of pregnancy did she suffer from blurred vision?,pr bl vis,W610324-o,W610324-o (pr bl vis),Y,i022g,i022f,i022e,i022b,i022a,i019a,i310o,,
i325o,Did she have excessive bleeding during pregnancy or shortly after delivery?,pr bleed,W610325-o,W610325-o (pr bleed),Y,i022g,i022f,i022e,i022b,i022a,i019a,i310o,,
i326o,Was there vaginal bleeding during the first 6 months of pregnancy?,pr bl <6m,W610326-o,W610326-o (pr bl <6m),Y,i022g,i022f,i022e,i022b,i022a,i019a,i310o,,i325o
i327o,Was there vaginal bleeding during the last 3 months of pregnancy but before labour started?,pr bl 6+m,W610327-o,W610327-o (pr bl 6+m),Y,i022g,i022f,i022e,i022b,i022a,i019a,i310o,,i325o
i328o,"Did she have excessive bleeding during labour, before delivery?",pr bl lab,W610328-o,W610328-o (pr bl lab),Y,i022g,i022f,i022e,i022b,i022a,i019a,i310o,,i325o
i329o,Did she have excessive bleeding after delivery or abortion?,pr bl ppt,W610329-o,W610329-o (pr bl ppt),Y,i022g,i022f,i022e,i022b,i022a,i019a,i310o,,i325o
i330o,Was the placenta completely delivered?,plnta del,W610330-o,W610330-o (plnta del),N,i022g,i022f,i022e,i022b,i022a,i019a,i310o,i305o,
i331o,Did she deliver or try to deliver an abnormally positioned baby?,del ab pos,W610331-o,W610331-o (del ab pos),Y,i022g,i022f,i022e,i022b,i022a,i019a,i310o,,
i332a,Did her labour last longer than 24 hours?,lab 24+h,W610332-a,W610332-a (lab 24+h),Y,i022g,i022f,i022e,i022b,i022a,i019a,i310o,,
i333o,Did she attempt to terminate the pregnancy?,term att,W610333-o,W610333-o (term att),Y,i022g,i022f,i022e,i022b,i022a,i019a,i310o,i316o,
i334o,Did she recently have a pregnancy that ended in an abortion (spontaneous or induced)?,abort,W610334-o,W610334-o (abort),Y,i022g,i022f,i022e,i022b,i022a,i019a,i310o,i316o,
i335o,Did she die during an abortion?,d in abort,W610335-o,W610335-o (d in abort),Y,i022g,i022f,i022e,i022b,i022a,i019a,i310o,i316o,i334o
i336o,Did she die within 6 weeks of having an abortion?,d after ab,W610336-o,W610336-o (d after ab),Y,i022g,i022f,i022e,i022b,i022a,i019a,i310o,i316o,i334o
i337a,Did the mother deliver at a health facility or clinic?,del hfac,W610337-a,W610337-a (del hfac),N,i022g,i022f,i022e,i022b,i022a,i019a,i337c,i337b,i315o
i337b,Did the mother deliver at home?,del home,W610337-b,W610337-b (del home),Y,i022g,i022f,i022e,i022b,i022a,i019a,i337c,,i337a
i337c,Did the mother deliver elsewhere (not at a health facility nor at home)?,del else,W610337-c,W610337-c (del else),Y,i022g,i022f,i022e,i022b,i022a,i019a,i337b,,i337a
i338o,Did she receive professional assistance during the delivery?,del prof,W610338-o,W610338-o (del prof),Y,i022g,i022f,i022e,i022b,i022a,i019a,,,i315o
i340o,Did she have an operation to remove her uterus shortly before death?,hyster,W610340-o,W610340-o (hyster),Y,i022g,i022f,i022e,i022b,i022a,i019a,i310o,,
i342o,"Was the delivery normal vaginal, without forceps or vacuum?",del norm,W610342-o,W610342-o (del norm),N,i022g,i022f,i022e,i022b,i022a,i019a,i344o,i343o,i315o
i343o,"Was the delivery vaginal, with forceps or vacuum?",del assist,W610343-o,W610343-o (del assist),Y,i022g,i022f,i022e,i022b,i022a,i019a,i344o,,i342o
i344o,Was the delivery a Caesarean section?,del cs,W610344-o,W610344-o (del cs),Y,i022g,i022f,i022e,i022b,i022a,i019a,i343o,,i342o
i347o,Was her baby born more than one month early?,del >1m ea,W610347-o,W610347-o (del >1m ea),Y,i022g,i022f,i022e,i022b,i022a,i019a,i310o,,i306o
i354o,Was the child part of a multiple  birth?,mult bir,W610354-o,W610354-o (mult bir),Y,i022d,i022e,i022c,i022a,i022b,,,,
i355a,"If the child was part of a multiple birth, was it born first?",mult fir,W610355-a,W610355-a (mult fir),N,i022d,i022e,i022c,i022a,i022b,,,,i354o
i356o,Is the child's mother still alive?,moth aliv,W610356-o,W610356-o (moth aliv),N,i022d,i022e,i022c,i022a,i022b,,,,
i357o,Did the child's mother die during or shortly after the delivery?,moth d del,W610357-o,W610357-o (moth d del),Y,i022d,i022e,i022c,i022a,i022b,,,,i356o
i358a,Did the child's mother die in the baby's first year of life?,moth d y1,W610358-a,W610358-a (moth d y1),Y,i022d,i022e,i022c,i022a,i022b,,,,i356o
i360a,Was the baby born in a health facility or clinic?,born fac,W610360-a,W610360-a (born home),N,i022d,i022e,i022c,i022a,i022b,,,,
i360b,Was the baby born at home?,born home,W610360-b,W610360-b (born fac),Y,i022d,i022e,i022c,i022a,i022b,i360c,,,i360a
i360c,Was the baby born somewhere else (e.g. on the way to a clinic)?,born on way,W610360-c,W610360-c (born on way),Y,i022d,i022e,i022c,i022a,i022b,i360b,,,i360a
i361o,Did the mother receive professional assistance during the delivery?,born prof,W610361-o,W610361-o (born prof),Y,i022d,i022e,i022c,i022a,i022b,,,,
i362o,"At birth, was the baby of usual size?",bwt norm,W610362-o,W610362-o (bwt norm),N,i022d,i022e,i022c,i022a,i022b,,,,
i363o,"At birth, was the baby smaller than normal (weighing under 2.5 kg)?",bwt small,W610363-o,W610363-o (bwt small),Y,i022d,i022e,i022c,i022a,i022b,i362o,,,
i364o,"At birth, was the baby very much smaller than usual, (weighing under 1 kg)?",bwt vsmall,W610364-o,W610364-o (bwt vsmall),Y,i022d,i022e,i022c,i022a,i022b,,,,i363o
i365o,"At birth, was the baby larger than normal (weighing over 4.5 kg)?",bwt big,W610365-o,W610365-o (bwt big),Y,i022d,i022e,i022c,i022a,i022b,i362o,,,
i367a,Was the baby born during the ninth month (at least 37 weeks) of pregnancy?,gest 9m,W610367-a,W610367-a (gest 9m),N,i022d,i022e,i022c,i022a,i022b,,,,
i367b,Was the baby born during the eighth month (34 to 37 weeks) of pregnancy?,gest 8m,W610367-b,W610367-b (gest 8m),Y,i022d,i022e,i022c,i022a,i022b,i367c,,,i367a
i367c,Was the baby born before the eighth month (less than 34 weeks) of pregnancy?,gest 7m,W610367-c,W610367-c (gest 7m),Y,i022d,i022e,i022c,i022a,i022b,i367b,,,i367a
i368o,"Were there any complications in the late part of the pregnancy (defined as the last 3 months), but before labour?",cmp bf lab,W610368-o,W610368-o (cmp bf lab),Y,i022d,i022e,i022c,i022a,i022b,,,,
i369o,Were there any complications during labour or delivery?,cmp in lab,W610369-o,W610369-o (cmp in lab),Y,i022d,i022e,i022c,i022a,i022b,,,,
i370o,"Was any part of the baby physically abnormal at time of delivery? (for example: body part too large or too small, additional growth on body)?",abnorm,W610370-o,W610370-o (abnorm),Y,i022b,i022a,i022c,,,,,,
i371o,Did the baby/child have a swelling or defect on the back?,abn back,W610371-o,W610371-o (abn back),Y,i022b,i022a,i022c,,,,,,i370o
i372o,Did the baby/child have a very large head?,abn lg hd,W610372-o,W610372-o (abn lg hd),Y,i022b,i022a,i022c,i373o,,,,,i370o
i373o,Did the baby/child have a very small head?,abn sm hd,W610373-o,W610373-o (abn sm hd),Y,i022b,i022a,i022c,i372o,,,,,i370o
i376o,Was the baby moving in the last few days before the birth?,bab mov,W610376-o,W610376-o (bab mov),N,i114o,,,,,,,,i022g
i377o,Did the baby stop moving in the womb before labour started?,bab st mov,W610377-o,W610377-o (bab st mov),Y,i114o,,,,,,,,i376o
i382a,Did labour and delivery take more than 24 hours?,lab 24+h,W610382-a,W610382-a (lab 24+h),Y,,,,,,,,,i022g
i383o,Was the baby born 24 hours or more after the waters broke?,born 24+h w,W610383-o,W610383-o (born 24+h w),Y,,,,,,,,,i022g
i384o,Was the liquor foul smelling when the waters broke?,liq smell,W610384-o,W610384-o (liq smell),Y,,,,,,,,,i022g
i385a,Was the liquor a green or brown colour when the waters broke?,liq gr-br,W610385-a,W610385-a (liq gr-br),Y,,,,,,,,,i022g
i387o,"Was the delivery normal vaginal, without forceps or vacuum?",born n del,W610387-o,W610387-o (born n del),N,i388o,i389o,,,,,,,i022g
i388o,"Was the delivery vaginal, with forceps or vacuum?",born as del,W610388-o,W610388-o (born as del),Y,i389o,,,,,,,,i387o
i389o,Was the delivery a Caesarean section?,born cs,W610389-o,W610389-o (born cs),Y,i388o,,,,,,,,i387o
i391o,Did the child's mother receive any vaccinations since reaching adulthood including during this pregnancy?,moth vacc,W610391-o,W610391-o (moth vacc),N,,,,,,,,,i022g
i393o,Did the mother receive tetanus toxoid (TT) vaccine?,moth ttv,W610393-o,W610393-o (moth ttv),N,,,,,,,,,i022g
i394a,Was this baby born from the mother's first pregnancy?,born 1st pr,W610394-a,W610394-a (born 1st pr),Y,i394b,,,,,,,,i022g
i394b,Did the baby's mother have four or more births before this one?,born 4+ pr,W610394-b,W610394-b (born 4+ pr),Y,i394a,,,,,,,,i022g
i395o,"During labour, did the baby's mother suffer from fever?",moth fev,W610395-o,W610395-o (moth fev),Y,,,,,,,,,i022g
i396o,"During the last 3 months of pregnancy, labour or delivery, did the baby's mother suffer from high blood pressure?",moth hypt,W610396-o,W610396-o (moth hypt),Y,,,,,,,,,i022g
i397o,Did the baby's mother have diabetes mellitus?,moth diab,W610397-o,W610397-o (moth diab),Y,,,,,,,,,i022g
i398o,Did the baby's mother have foul smelling vaginal discharge during pregnancy or after delivery?,moth disch,W610398-o,W610398-o (moth disch),Y,,,,,,,,,i022g
i399o,"During the last 3 months of pregnancy, labour or delivery, did the baby's mother suffer from convulsions?",moth conv,W610399-o,W610399-o (moth conv),Y,,,,,,,,,i022g
i400o,During the last 3 months of pregnancy did the baby's mother suffer from blurred vision?,moth bl vis,W610400-o,W610400-o (moth bl vis),Y,,,,,,,,,i022g
i401o,Did the baby's mother have severe anaemia?,moth anaem,W610401-o,W610401-o (moth anaem),Y,,,,,,,,,i022g
i402o,Did the baby's mother have vaginal bleeding during the last 3 months of pregnancy but before labour started?,moth bleed,W610402-o,W610402-o (moth bleed),Y,,,,,,,,,i022g
i403o,"Did the baby's bottom, feet, arm or hand come out of the vagina before its head?",breech,W610403-o,W610403-o (breech),Y,,,,,,,,,i022g
i404o,Was the umbilical cord wrapped more than once around the baby's neck at birth?,cord wrap,W610404-o,W610404-o (cord wrap),Y,,,,,,,,,i022g
i405o,Was the umbilical cord delivered first?,cord first,W610405-o,W610405-o (cord first),Y,,,,,,,,,i022g
i406o,Was the baby blue in colour at birth?,born blue,W610406-o,W610406-o (born blue),Y,,,,,,,,,i022g
i408o,"Before the illness that led to death, was the baby/child growing normally?",grow norm,W610408-o,W610408-o (grow norm),N,i022c,i022d,i022b,i022a,,,,,
i411o,Did (s)he drink alcohol?,alco,W610411-o,W610411-o (alco),Y,i022g,i022f,i022d,i022e,,,,,
i412o,Did (s)he use tobacco?,tobac,W610412-o,W610412-o (tobac),Y,i022g,i022f,i022d,i022e,,,,,
i413o,"Did (s)he smoke tobacco (cigarette, cigar, pipe, etc.)?",smoke,W610413-o,W610413-o (smoke),Y,i022g,i022f,i022d,i022e,,,,,i412o
i414a,Did (s)he use non-smoking tobacco?,tobac ns,W610414-a,W610414-a (tobac ns),Y,i022g,i022f,i022d,i022e,,,,,i412o
i415a,Did (s)he smoke at least 10 cigarettes daily?,cigs >10,W610415-a,W610415-a (cigs >10),Y,i022g,i022f,i022d,i022e,,,,,i412o
i418o,Did (s)he receive any treatment for the illness that led to death?,treat,W610418-o,W610418-o (treat),Y,,,,,,,,,
i419o,Did (s)he receive oral rehydration salts?,tr ors,W610419-o,W610419-o (tr ors),Y,,,,,,,,,i418o
i420o,Did (s)he receive (or need) intravenous fluids (drip) treatment?,tr drip,W610420-o,W610420-o (tr drip),Y,,,,,,,,,i418o
i421o,Did (s)he receive (or need) a blood transfusion?,tr blood,W610421-o,W610421-o (tr blood),Y,i022g,,,,,,,,i418o
i422o,Did (s)he receive (or need) treatment/food through a tube passed through the nose?,tr ngt,W610422-o,W610422-o (tr ngt),Y,,,,,,,,,i418o
i423o,Did (s)he receive (or need) injectable antibiotics?,tr inj ab,W610423-o,W610423-o (tr inj ab),Y,,,,,,,,,i418o
i424o,Did (s)he receive (or need) antiretroviral therapy (ART)?,tr art,W610424-o,W610424-o (tr art),Y,,,,,,,,,i418o
i425o,Did (s)he have (or need) an operation for the illness?,tr oper,W610425-o,W610425-o (tr oper),Y,,,,,,,,,i418o
i426o,Did (s)he have the operation within 1 month before death?,tr op <1m,W610426-o,W610426-o (tr op <1m),Y,,,,,,,,,i425o
i427o,Was (s)he discharged from hospital very ill?,tr disc ill,W610427-o,W610427-o (tr disc ill),Y,,,,,,,,,i418o
i428o,Did (s)he receive appropriate immunizations?,immun,W610428-o,W610428-o (immun),N,i022b,i022c,i022a,i022g,,,,,
i450o,"In the final days before death, did s/he travel to a hospital or health facility?",q trav,W610450-o,W610450-o (q trav),N,,,,,,,,,
i451o,Did (s)he use motorised transport to get to the hospital or health facility?,q trans,W610451-o,W610451-o (q trans),N,,,,,,,,,i450o
i452o,Were there any problems during admission to the hospital or health facility?,q admit,W610452-o,W610452-o (q admit),Y,,,,,,,,,i450o
i453o,"Were there any problems with the way (s)he was treated (medical treatment, procedures, interpersonal attitudes, respect, dignity) in the hospital or health facility?",q treat,W610453-o,W610453-o (q treat),Y,,,,,,,,,i450o
i454o,"Were there any problems getting medications, or diagnostic tests in the hospital or health facility?",q meds,W610454-o,W610454-o (q meds),Y,,,,,,,,,i450o
i455o,Does it take more than 2 hours to get to the nearest hospital or health facility from the deceased's household?,q dist,W610455-o,W610455-o (q dist),Y,,,,,,,,,
i456o,"In the final days before death, were there any doubts about whether medical care was needed?",q doubt,W610456-o,W610456-o (q doubt),Y,,,,,,,,,
i457o,"In the final days before death, was traditional medicine used?",q tmed,W610457-o,W610457-o (q tmed),Y,,,,,,,,,
i458o,"In the final days before death, did anyone use a telephone or cell phone to call for help?",q phone,W610458-o,W610458-o (q phone),N,,,,,,,,,
i459o,"Over the course of illness, did the total costs of care and treatment prohibit other household payments?",q costs,W610459-o,W610459-o (q costs),Y,,,,,,,,,
